rep,affinity,affinity_description,mode,threads,nx,ny,steps,cells_per_thread,nu,dt,init,u0,schedule,chunk,collapse,omp_proc_bind,omp_places,gomp_cpu_affinity,allowed_cpus,elapsed,speedup,efficiency,relative_to_best_1t,stable,initial_min,initial_max,final_min,final_max,initial_l2,final_l2,initial_sum,final_sum
1,sem_bind,Sem fixacao explicita pelo OpenMP,omp-region,1,2048,2048,1000,4194304.0,0.1,0.1,perturb,1.0,static,0,1,false,,,0 1 2 3 4 5 6 7 8 9 10 11 12 13 14 15 32 33 34 35 36 37 38 39 40 41 42 43 44 45 46 47,7.105693007,0.9974084271608893,0.9974084271608893,0.9877896664105066,yes,0.0,1.0,0.0,0.999255503008,290.398838932026,290.290717810746,168662.97116801885,168662.97116874598
2,sem_bind,Sem fixacao explicita pelo OpenMP,omp-region,1,2048,2048,1000,4194304.0,0.1,0.1,perturb,1.0,static,0,1,false,,,0 1 2 3 4 5 6 7 8 9 10 11 12 13 14 15 32 33 34 35 36 37 38 39 40 41 42 43 44 45 46 47,7.177207438,0.9874701472993709,0.9874701472993709,0.9779472288675962,yes,0.0,1.0,0.0,0.999255503008,290.398838932026,290.290717810746,168662.97116801885,168662.97116874598
3,sem_bind,Sem fixacao explicita pelo OpenMP,omp-region,1,2048,2048,1000,4194304.0,0.1,0.1,perturb,1.0,static,0,1,false,,,0 1 2 3 4 5 6 7 8 9 10 11 12 13 14 15 32 33 34 35 36 37 38 39 40 41 42 43 44 45 46 47,7.087278086,1.0,1.0,0.9903562467606551,yes,0.0,1.0,0.0,0.999255503008,290.398838932026,290.290717810746,168662.97116801885,168662.97116874598
1,sem_bind,Sem fixacao explicita pelo OpenMP,omp-region,2,2048,2048,1000,2097152.0,0.1,0.1,perturb,1.0,static,0,1,false,,,0 1 2 3 4 5 6 7 8 9 10 11 12 13 14 15 32 33 34 35 36 37 38 39 40 41 42 43 44 45 46 47,3.717161963,1.9066368795725246,0.9533184397862623,1.8882497439888926,yes,0.0,1.0,0.0,0.999255503008,290.398838932026,290.290717810746,168662.97116801885,168662.97116874598
2,sem_bind,Sem fixacao explicita pelo OpenMP,omp-region,2,2048,2048,1000,2097152.0,0.1,0.1,perturb,1.0,static,0,1,false,,,0 1 2 3 4 5 6 7 8 9 10 11 12 13 14 15 32 33 34 35 36 37 38 39 40 41 42 43 44 45 46 47,3.747389513,1.8912573836836695,0.9456286918418347,1.8730185641633352,yes,0.0,1.0,0.0,0.999255503008,290.398838932026,290.290717810746,168662.97116801885,168662.97116874598
3,sem_bind,Sem fixacao explicita pelo OpenMP,omp-region,2,2048,2048,1000,2097152.0,0.1,0.1,perturb,1.0,static,0,1,false,,,0 1 2 3 4 5 6 7 8 9 10 11 12 13 14 15 32 33 34 35 36 37 38 39 40 41 42 43 44 45 46 47,3.686663387,1.9224098709394866,0.9612049354697433,1.9038706245192654,yes,0.0,1.0,0.0,0.999255503008,290.398838932026,290.290717810746,168662.97116801885,168662.97116874598
1,sem_bind,Sem fixacao explicita pelo OpenMP,omp-region,4,2048,2048,1000,1048576.0,0.1,0.1,perturb,1.0,static,0,1,false,,,0 1 2 3 4 5 6 7 8 9 10 11 12 13 14 15 32 33 34 35 36 37 38 39 40 41 42 43 44 45 46 47,2.193255682,3.231396204357354,0.8078490510893385,3.200233416743976,yes,0.0,1.0,0.0,0.999255503008,290.398838932026,290.290717810746,168662.97116801885,168662.97116874598
2,sem_bind,Sem fixacao explicita pelo OpenMP,omp-region,4,2048,2048,1000,1048576.0,0.1,0.1,perturb,1.0,static,0,1,false,,,0 1 2 3 4 5 6 7 8 9 10 11 12 13 14 15 32 33 34 35 36 37 38 39 40 41 42 43 44 45 46 47,2.190027316,3.236159674457686,0.8090399186144215,3.2049509491140973,yes,0.0,1.0,0.0,0.999255503008,290.398838932026,290.290717810746,168662.97116801885,168662.97116874598
3,sem_bind,Sem fixacao explicita pelo OpenMP,omp-region,4,2048,2048,1000,1048576.0,0.1,0.1,perturb,1.0,static,0,1,false,,,0 1 2 3 4 5 6 7 8 9 10 11 12 13 14 15 32 33 34 35 36 37 38 39 40 41 42 43 44 45 46 47,2.194006346,3.2302906046380233,0.8075726511595058,3.1991384791555197,yes,0.0,1.0,0.0,0.999255503008,290.398838932026,290.290717810746,168662.97116801885,168662.97116874598
1,sem_bind,Sem fixacao explicita pelo OpenMP,omp-region,8,2048,2048,1000,524288.0,0.1,0.1,perturb,1.0,static,0,1,false,,,0 1 2 3 4 5 6 7 8 9 10 11 12 13 14 15 32 33 34 35 36 37 38 39 40 41 42 43 44 45 46 47,1.832695797,3.867132831101266,0.4833916038876582,3.829839156334356,yes,0.0,1.0,0.0,0.999255503008,290.398838932026,290.290717810746,168662.97116801885,168662.97116874598
2,sem_bind,Sem fixacao explicita pelo OpenMP,omp-region,8,2048,2048,1000,524288.0,0.1,0.1,perturb,1.0,static,0,1,false,,,0 1 2 3 4 5 6 7 8 9 10 11 12 13 14 15 32 33 34 35 36 37 38 39 40 41 42 43 44 45 46 47,1.831385691,3.869899235769447,0.48373740447118085,3.832578882478557,yes,0.0,1.0,0.0,0.999255503008,290.398838932026,290.290717810746,168662.97116801885,168662.97116874598
3,sem_bind,Sem fixacao explicita pelo OpenMP,omp-region,8,2048,2048,1000,524288.0,0.1,0.1,perturb,1.0,static,0,1,false,,,0 1 2 3 4 5 6 7 8 9 10 11 12 13 14 15 32 33 34 35 36 37 38 39 40 41 42 43 44 45 46 47,1.828842604,3.875280502815758,0.48441006285196975,3.8379082539133584,yes,0.0,1.0,0.0,0.999255503008,290.398838932026,290.290717810746,168662.97116801885,168662.97116874598
1,sem_bind,Sem fixacao explicita pelo OpenMP,omp-region,16,2048,2048,1000,262144.0,0.1,0.1,perturb,1.0,static,0,1,false,,,0 1 2 3 4 5 6 7 8 9 10 11 12 13 14 15 32 33 34 35 36 37 38 39 40 41 42 43 44 45 46 47,1.754474796,4.0395439718816,0.2524714982426,4.000587606617291,yes,0.0,1.0,0.0,0.999255503008,290.398838932026,290.290717810746,168662.97116801885,168662.97116874598
2,sem_bind,Sem fixacao explicita pelo OpenMP,omp-region,16,2048,2048,1000,262144.0,0.1,0.1,perturb,1.0,static,0,1,false,,,0 1 2 3 4 5 6 7 8 9 10 11 12 13 14 15 32 33 34 35 36 37 38 39 40 41 42 43 44 45 46 47,1.74824569,4.053937113381358,0.2533710695863349,4.014841944212086,yes,0.0,1.0,0.0,0.999255503008,290.398838932026,290.290717810746,168662.97116801885,168662.97116874598
3,sem_bind,Sem fixacao explicita pelo OpenMP,omp-region,16,2048,2048,1000,262144.0,0.1,0.1,perturb,1.0,static,0,1,false,,,0 1 2 3 4 5 6 7 8 9 10 11 12 13 14 15 32 33 34 35 36 37 38 39 40 41 42 43 44 45 46 47,1.730988207,4.09435376702136,0.255897110438835,4.054868829617624,yes,0.0,1.0,0.0,0.999255503008,290.398838932026,290.290717810746,168662.97116801885,168662.97116874598
1,sem_bind,Sem fixacao explicita pelo OpenMP,omp-region,32,2048,2048,1000,131072.0,0.1,0.1,perturb,1.0,static,0,1,false,,,0 1 2 3 4 5 6 7 8 9 10 11 12 13 14 15 32 33 34 35 36 37 38 39 40 41 42 43 44 45 46 47,1.736311758,4.081800433214598,0.12755626353795618,4.042436557064425,yes,0.0,1.0,0.0,0.999255503008,290.398838932026,290.290717810746,168662.97116801885,168662.97116874598
2,sem_bind,Sem fixacao explicita pelo OpenMP,omp-region,32,2048,2048,1000,131072.0,0.1,0.1,perturb,1.0,static,0,1,false,,,0 1 2 3 4 5 6 7 8 9 10 11 12 13 14 15 32 33 34 35 36 37 38 39 40 41 42 43 44 45 46 47,1.736467992,4.081433184286417,0.12754478700895053,4.042072849794286,yes,0.0,1.0,0.0,0.999255503008,290.398838932026,290.290717810746,168662.97116801885,168662.97116874598
3,sem_bind,Sem fixacao explicita pelo OpenMP,omp-region,32,2048,2048,1000,131072.0,0.1,0.1,perturb,1.0,static,0,1,false,,,0 1 2 3 4 5 6 7 8 9 10 11 12 13 14 15 32 33 34 35 36 37 38 39 40 41 42 43 44 45 46 47,1.735671359,4.083306467696342,0.1276033271155107,4.043928067721258,yes,0.0,1.0,0.0,0.999255503008,290.398838932026,290.290717810746,168662.97116801885,168662.97116874598
1,close_cores,Threads proximas em nucleos,omp-region,1,2048,2048,1000,4194304.0,0.1,0.1,perturb,1.0,static,0,1,close,cores,,0 1 2 3 4 5 6 7 8 9 10 11 12 13 14 15 32 33 34 35 36 37 38 39 40 41 42 43 44 45 46 47,7.041570239,1.0,1.0,0.9967847918530149,yes,0.0,1.0,0.0,0.999255503008,290.398838932026,290.290717810746,168662.97116801885,168662.97116874598
2,close_cores,Threads proximas em nucleos,omp-region,1,2048,2048,1000,4194304.0,0.1,0.1,perturb,1.0,static,0,1,close,cores,,0 1 2 3 4 5 6 7 8 9 10 11 12 13 14 15 32 33 34 35 36 37 38 39 40 41 42 43 44 45 46 47,7.042997379,0.9997973675236264,0.9997973675236264,0.9965828108822302,yes,0.0,1.0,0.0,0.999255503008,290.398838932026,290.290717810746,168662.97116801885,168662.97116874598
3,close_cores,Threads proximas em nucleos,omp-region,1,2048,2048,1000,4194304.0,0.1,0.1,perturb,1.0,static,0,1,close,cores,,0 1 2 3 4 5 6 7 8 9 10 11 12 13 14 15 32 33 34 35 36 37 38 39 40 41 42 43 44 45 46 47,7.078737697,0.9947494229068904,0.9947494229068904,0.9915510964581514,yes,0.0,1.0,0.0,0.999255503008,290.398838932026,290.290717810746,168662.97116801885,168662.97116874598
1,close_cores,Threads proximas em nucleos,omp-region,2,2048,2048,1000,2097152.0,0.1,0.1,perturb,1.0,static,0,1,close,cores,,0 1 2 3 4 5 6 7 8 9 10 11 12 13 14 15 32 33 34 35 36 37 38 39 40 41 42 43 44 45 46 47,3.609294546,1.9509547223857966,0.9754773611928983,1.944681996867983,yes,0.0,1.0,0.0,0.999255503008,290.398838932026,290.290717810746,168662.97116801885,168662.97116874598
2,close_cores,Threads proximas em nucleos,omp-region,2,2048,2048,1000,2097152.0,0.1,0.1,perturb,1.0,static,0,1,close,cores,,0 1 2 3 4 5 6 7 8 9 10 11 12 13 14 15 32 33 34 35 36 37 38 39 40 41 42 43 44 45 46 47,3.619673394,1.9453606644931458,0.9726803322465729,1.9391059250358431,yes,0.0,1.0,0.0,0.999255503008,290.398838932026,290.290717810746,168662.97116801885,168662.97116874598
3,close_cores,Threads proximas em nucleos,omp-region,2,2048,2048,1000,2097152.0,0.1,0.1,perturb,1.0,static,0,1,close,cores,,0 1 2 3 4 5 6 7 8 9 10 11 12 13 14 15 32 33 34 35 36 37 38 39 40 41 42 43 44 45 46 47,3.616559593,1.947035589467197,0.9735177947335985,1.940775464777472,yes,0.0,1.0,0.0,0.999255503008,290.398838932026,290.290717810746,168662.97116801885,168662.97116874598
1,close_cores,Threads proximas em nucleos,omp-region,4,2048,2048,1000,1048576.0,0.1,0.1,perturb,1.0,static,0,1,close,cores,,0 1 2 3 4 5 6 7 8 9 10 11 12 13 14 15 32 33 34 35 36 37 38 39 40 41 42 43 44 45 46 47,2.136125828,3.296421094066749,0.8241052735166873,3.2858224141092123,yes,0.0,1.0,0.0,0.999255503008,290.398838932026,290.290717810746,168662.97116801885,168662.97116874598
2,close_cores,Threads proximas em nucleos,omp-region,4,2048,2048,1000,1048576.0,0.1,0.1,perturb,1.0,static,0,1,close,cores,,0 1 2 3 4 5 6 7 8 9 10 11 12 13 14 15 32 33 34 35 36 37 38 39 40 41 42 43 44 45 46 47,2.133575035,3.3003621262375713,0.8250905315593928,3.2897507750412913,yes,0.0,1.0,0.0,0.999255503008,290.398838932026,290.290717810746,168662.97116801885,168662.97116874598
3,close_cores,Threads proximas em nucleos,omp-region,4,2048,2048,1000,1048576.0,0.1,0.1,perturb,1.0,static,0,1,close,cores,,0 1 2 3 4 5 6 7 8 9 10 11 12 13 14 15 32 33 34 35 36 37 38 39 40 41 42 43 44 45 46 47,2.139999522,3.290454117680873,0.8226135294202183,3.279874622794425,yes,0.0,1.0,0.0,0.999255503008,290.398838932026,290.290717810746,168662.97116801885,168662.97116874598
1,close_cores,Threads proximas em nucleos,omp-region,8,2048,2048,1000,524288.0,0.1,0.1,perturb,1.0,static,0,1,close,cores,,0 1 2 3 4 5 6 7 8 9 10 11 12 13 14 15 32 33 34 35 36 37 38 39 40 41 42 43 44 45 46 47,1.805035627,3.90106994769029,0.48763374346128624,3.8885271958125176,yes,0.0,1.0,0.0,0.999255503008,290.398838932026,290.290717810746,168662.97116801885,168662.97116874598
2,close_cores,Threads proximas em nucleos,omp-region,8,2048,2048,1000,524288.0,0.1,0.1,perturb,1.0,static,0,1,close,cores,,0 1 2 3 4 5 6 7 8 9 10 11 12 13 14 15 32 33 34 35 36 37 38 39 40 41 42 43 44 45 46 47,1.809672067,3.8910752767893615,0.4863844095986702,3.878564659858896,yes,0.0,1.0,0.0,0.999255503008,290.398838932026,290.290717810746,168662.97116801885,168662.97116874598
3,close_cores,Threads proximas em nucleos,omp-region,8,2048,2048,1000,524288.0,0.1,0.1,perturb,1.0,static,0,1,close,cores,,0 1 2 3 4 5 6 7 8 9 10 11 12 13 14 15 32 33 34 35 36 37 38 39 40 41 42 43 44 45 46 47,1.838859439,3.8293140245832573,0.47866425307290716,3.8170019829340527,yes,0.0,1.0,0.0,0.999255503008,290.398838932026,290.290717810746,168662.97116801885,168662.97116874598
1,close_cores,Threads proximas em nucleos,omp-region,16,2048,2048,1000,262144.0,0.1,0.1,perturb,1.0,static,0,1,close,cores,,0 1 2 3 4 5 6 7 8 9 10 11 12 13 14 15 32 33 34 35 36 37 38 39 40 41 42 43 44 45 46 47,1.73076629,4.068469717537658,0.25427935734610363,4.055388740556069,yes,0.0,1.0,0.0,0.999255503008,290.398838932026,290.290717810746,168662.97116801885,168662.97116874598
2,close_cores,Threads proximas em nucleos,omp-region,16,2048,2048,1000,262144.0,0.1,0.1,perturb,1.0,static,0,1,close,cores,,0 1 2 3 4 5 6 7 8 9 10 11 12 13 14 15 32 33 34 35 36 37 38 39 40 41 42 43 44 45 46 47,1.7392018,4.048736747512566,0.2530460467195354,4.0357192161369655,yes,0.0,1.0,0.0,0.999255503008,290.398838932026,290.290717810746,168662.97116801885,168662.97116874598
3,close_cores,Threads proximas em nucleos,omp-region,16,2048,2048,1000,262144.0,0.1,0.1,perturb,1.0,static,0,1,close,cores,,0 1 2 3 4 5 6 7 8 9 10 11 12 13 14 15 32 33 34 35 36 37 38 39 40 41 42 43 44 45 46 47,1.73517762,4.058126475259634,0.2536329047037271,4.045078753954884,yes,0.0,1.0,0.0,0.999255503008,290.398838932026,290.290717810746,168662.97116801885,168662.97116874598
1,close_cores,Threads proximas em nucleos,omp-region,32,2048,2048,1000,131072.0,0.1,0.1,perturb,1.0,static,0,1,close,cores,,0 1 2 3 4 5 6 7 8 9 10 11 12 13 14 15 32 33 34 35 36 37 38 39 40 41 42 43 44 45 46 47,1.739995858,4.0468890811578015,0.1264652837861813,4.033877490414118,yes,0.0,1.0,0.0,0.999255503008,290.398838932026,290.290717810746,168662.97116801885,168662.97116874598
2,close_cores,Threads proximas em nucleos,omp-region,32,2048,2048,1000,131072.0,0.1,0.1,perturb,1.0,static,0,1,close,cores,,0 1 2 3 4 5 6 7 8 9 10 11 12 13 14 15 32 33 34 35 36 37 38 39 40 41 42 43 44 45 46 47,1.740428573,4.045882921160247,0.12643384128625773,4.032874565430385,yes,0.0,1.0,0.0,0.999255503008,290.398838932026,290.290717810746,168662.97116801885,168662.97116874598
3,close_cores,Threads proximas em nucleos,omp-region,32,2048,2048,1000,131072.0,0.1,0.1,perturb,1.0,static,0,1,close,cores,,0 1 2 3 4 5 6 7 8 9 10 11 12 13 14 15 32 33 34 35 36 37 38 39 40 41 42 43 44 45 46 47,1.740282788,4.046221848285039,0.12644443275890746,4.033212402833923,yes,0.0,1.0,0.0,0.999255503008,290.398838932026,290.290717810746,168662.97116801885,168662.97116874598
1,spread_cores,Threads espalhadas entre nucleos,omp-region,1,2048,2048,1000,4194304.0,0.1,0.1,perturb,1.0,static,0,1,spread,cores,,0 1 2 3 4 5 6 7 8 9 10 11 12 13 14 15 32 33 34 35 36 37 38 39 40 41 42 43 44 45 46 47,7.018930125,1.0,1.0,1.0,yes,0.0,1.0,0.0,0.999255503008,290.398838932026,290.290717810746,168662.97116801885,168662.97116874598
2,spread_cores,Threads espalhadas entre nucleos,omp-region,1,2048,2048,1000,4194304.0,0.1,0.1,perturb,1.0,static,0,1,spread,cores,,0 1 2 3 4 5 6 7 8 9 10 11 12 13 14 15 32 33 34 35 36 37 38 39 40 41 42 43 44 45 46 47,7.067446189,0.9931352764913142,0.9931352764913142,0.9931352764913142,yes,0.0,1.0,0.0,0.999255503008,290.398838932026,290.290717810746,168662.97116801885,168662.97116874598
3,spread_cores,Threads espalhadas entre nucleos,omp-region,1,2048,2048,1000,4194304.0,0.1,0.1,perturb,1.0,static,0,1,spread,cores,,0 1 2 3 4 5 6 7 8 9 10 11 12 13 14 15 32 33 34 35 36 37 38 39 40 41 42 43 44 45 46 47,7.084615656,0.9907284270326829,0.9907284270326829,0.9907284270326829,yes,0.0,1.0,0.0,0.999255503008,290.398838932026,290.290717810746,168662.97116801885,168662.97116874598
1,spread_cores,Threads espalhadas entre nucleos,omp-region,2,2048,2048,1000,2097152.0,0.1,0.1,perturb,1.0,static,0,1,spread,cores,,0 1 2 3 4 5 6 7 8 9 10 11 12 13 14 15 32 33 34 35 36 37 38 39 40 41 42 43 44 45 46 47,3.573061297,1.9644023825992591,0.9822011912996296,1.9644023825992591,yes,0.0,1.0,0.0,0.999255503008,290.398838932026,290.290717810746,168662.97116801885,168662.97116874598
2,spread_cores,Threads espalhadas entre nucleos,omp-region,2,2048,2048,1000,2097152.0,0.1,0.1,perturb,1.0,static,0,1,spread,cores,,0 1 2 3 4 5 6 7 8 9 10 11 12 13 14 15 32 33 34 35 36 37 38 39 40 41 42 43 44 45 46 47,3.628318506,1.9344856614415427,0.9672428307207713,1.9344856614415427,yes,0.0,1.0,0.0,0.999255503008,290.398838932026,290.290717810746,168662.97116801885,168662.97116874598
3,spread_cores,Threads espalhadas entre nucleos,omp-region,2,2048,2048,1000,2097152.0,0.1,0.1,perturb,1.0,static,0,1,spread,cores,,0 1 2 3 4 5 6 7 8 9 10 11 12 13 14 15 32 33 34 35 36 37 38 39 40 41 42 43 44 45 46 47,3.657120011,1.9192506955987887,0.9596253477993943,1.9192506955987887,yes,0.0,1.0,0.0,0.999255503008,290.398838932026,290.290717810746,168662.97116801885,168662.97116874598
1,spread_cores,Threads espalhadas entre nucleos,omp-region,4,2048,2048,1000,1048576.0,0.1,0.1,perturb,1.0,static,0,1,spread,cores,,0 1 2 3 4 5 6 7 8 9 10 11 12 13 14 15 32 33 34 35 36 37 38 39 40 41 42 43 44 45 46 47,2.13901653,3.2813818998397357,0.8203454749599339,3.2813818998397357,yes,0.0,1.0,0.0,0.999255503008,290.398838932026,290.290717810746,168662.97116801885,168662.97116874598
2,spread_cores,Threads espalhadas entre nucleos,omp-region,4,2048,2048,1000,1048576.0,0.1,0.1,perturb,1.0,static,0,1,spread,cores,,0 1 2 3 4 5 6 7 8 9 10 11 12 13 14 15 32 33 34 35 36 37 38 39 40 41 42 43 44 45 46 47,2.210119988,3.1758140567524693,0.7939535141881173,3.1758140567524693,yes,0.0,1.0,0.0,0.999255503008,290.398838932026,290.290717810746,168662.97116801885,168662.97116874598
3,spread_cores,Threads espalhadas entre nucleos,omp-region,4,2048,2048,1000,1048576.0,0.1,0.1,perturb,1.0,static,0,1,spread,cores,,0 1 2 3 4 5 6 7 8 9 10 11 12 13 14 15 32 33 34 35 36 37 38 39 40 41 42 43 44 45 46 47,2.134826385,3.2878224544709282,0.8219556136177321,3.2878224544709282,yes,0.0,1.0,0.0,0.999255503008,290.398838932026,290.290717810746,168662.97116801885,168662.97116874598
1,spread_cores,Threads espalhadas entre nucleos,omp-region,8,2048,2048,1000,524288.0,0.1,0.1,perturb,1.0,static,0,1,spread,cores,,0 1 2 3 4 5 6 7 8 9 10 11 12 13 14 15 32 33 34 35 36 37 38 39 40 41 42 43 44 45 46 47,1.842834921,3.808767700793966,0.47609596259924575,3.808767700793966,yes,0.0,1.0,0.0,0.999255503008,290.398838932026,290.290717810746,168662.97116801885,168662.97116874598
2,spread_cores,Threads espalhadas entre nucleos,omp-region,8,2048,2048,1000,524288.0,0.1,0.1,perturb,1.0,static,0,1,spread,cores,,0 1 2 3 4 5 6 7 8 9 10 11 12 13 14 15 32 33 34 35 36 37 38 39 40 41 42 43 44 45 46 47,1.842346179,3.809778099797606,0.47622226247470073,3.809778099797606,yes,0.0,1.0,0.0,0.999255503008,290.398838932026,290.290717810746,168662.97116801885,168662.97116874598
3,spread_cores,Threads espalhadas entre nucleos,omp-region,8,2048,2048,1000,524288.0,0.1,0.1,perturb,1.0,static,0,1,spread,cores,,0 1 2 3 4 5 6 7 8 9 10 11 12 13 14 15 32 33 34 35 36 37 38 39 40 41 42 43 44 45 46 47,1.803823457,3.891140287461069,0.48639253593263365,3.891140287461069,yes,0.0,1.0,0.0,0.999255503008,290.398838932026,290.290717810746,168662.97116801885,168662.97116874598
1,spread_cores,Threads espalhadas entre nucleos,omp-region,16,2048,2048,1000,262144.0,0.1,0.1,perturb,1.0,static,0,1,spread,cores,,0 1 2 3 4 5 6 7 8 9 10 11 12 13 14 15 32 33 34 35 36 37 38 39 40 41 42 43 44 45 46 47,1.740154778,4.033509095706428,0.25209431848165176,4.033509095706428,yes,0.0,1.0,0.0,0.999255503008,290.398838932026,290.290717810746,168662.97116801885,168662.97116874598
2,spread_cores,Threads espalhadas entre nucleos,omp-region,16,2048,2048,1000,262144.0,0.1,0.1,perturb,1.0,static,0,1,spread,cores,,0 1 2 3 4 5 6 7 8 9 10 11 12 13 14 15 32 33 34 35 36 37 38 39 40 41 42 43 44 45 46 47,1.732204324,4.0520220552226265,0.25325137845141416,4.0520220552226265,yes,0.0,1.0,0.0,0.999255503008,290.398838932026,290.290717810746,168662.97116801885,168662.97116874598
3,spread_cores,Threads espalhadas entre nucleos,omp-region,16,2048,2048,1000,262144.0,0.1,0.1,perturb,1.0,static,0,1,spread,cores,,0 1 2 3 4 5 6 7 8 9 10 11 12 13 14 15 32 33 34 35 36 37 38 39 40 41 42 43 44 45 46 47,1.736785048,4.041334955688771,0.2525834347305482,4.041334955688771,yes,0.0,1.0,0.0,0.999255503008,290.398838932026,290.290717810746,168662.97116801885,168662.97116874598
1,spread_cores,Threads espalhadas entre nucleos,omp-region,32,2048,2048,1000,131072.0,0.1,0.1,perturb,1.0,static,0,1,spread,cores,,0 1 2 3 4 5 6 7 8 9 10 11 12 13 14 15 32 33 34 35 36 37 38 39 40 41 42 43 44 45 46 47,1.74175872,4.029794738159829,0.12593108556749466,4.029794738159829,yes,0.0,1.0,0.0,0.999255503008,290.398838932026,290.290717810746,168662.97116801885,168662.97116874598
2,spread_cores,Threads espalhadas entre nucleos,omp-region,32,2048,2048,1000,131072.0,0.1,0.1,perturb,1.0,static,0,1,spread,cores,,0 1 2 3 4 5 6 7 8 9 10 11 12 13 14 15 32 33 34 35 36 37 38 39 40 41 42 43 44 45 46 47,1.741433776,4.030546680403884,0.12595458376262136,4.030546680403884,yes,0.0,1.0,0.0,0.999255503008,290.398838932026,290.290717810746,168662.97116801885,168662.97116874598
3,spread_cores,Threads espalhadas entre nucleos,omp-region,32,2048,2048,1000,131072.0,0.1,0.1,perturb,1.0,static,0,1,spread,cores,,0 1 2 3 4 5 6 7 8 9 10 11 12 13 14 15 32 33 34 35 36 37 38 39 40 41 42 43 44 45 46 47,1.741662784,4.030016711317637,0.12593802222867614,4.030016711317637,yes,0.0,1.0,0.0,0.999255503008,290.398838932026,290.290717810746,168662.97116801885,168662.97116874598
1,close_threads,Threads proximas em hardware threads,omp-region,1,2048,2048,1000,4194304.0,0.1,0.1,perturb,1.0,static,0,1,close,threads,,0 1 2 3 4 5 6 7 8 9 10 11 12 13 14 15 32 33 34 35 36 37 38 39 40 41 42 43 44 45 46 47,7.061369931,1.0,1.0,0.9939898622484448,yes,0.0,1.0,0.0,0.999255503008,290.398838932026,290.290717810746,168662.97116801885,168662.97116874598
2,close_threads,Threads proximas em hardware threads,omp-region,1,2048,2048,1000,4194304.0,0.1,0.1,perturb,1.0,static,0,1,close,threads,,0 1 2 3 4 5 6 7 8 9 10 11 12 13 14 15 32 33 34 35 36 37 38 39 40 41 42 43 44 45 46 47,7.117117526,0.9921671105196246,0.9921671105196246,0.9862040495128391,yes,0.0,1.0,0.0,0.999255503008,290.398838932026,290.290717810746,168662.97116801885,168662.97116874598
3,close_threads,Threads proximas em hardware threads,omp-region,1,2048,2048,1000,4194304.0,0.1,0.1,perturb,1.0,static,0,1,close,threads,,0 1 2 3 4 5 6 7 8 9 10 11 12 13 14 15 32 33 34 35 36 37 38 39 40 41 42 43 44 45 46 47,7.146916034,0.9880303472724414,0.9880303472724414,0.9820921487826171,yes,0.0,1.0,0.0,0.999255503008,290.398838932026,290.290717810746,168662.97116801885,168662.97116874598
1,close_threads,Threads proximas em hardware threads,omp-region,2,2048,2048,1000,2097152.0,0.1,0.1,perturb,1.0,static,0,1,close,threads,,0 1 2 3 4 5 6 7 8 9 10 11 12 13 14 15 32 33 34 35 36 37 38 39 40 41 42 43 44 45 46 47,6.064094473,1.164455791782319,0.5822278958911595,1.157457252068111,yes,0.0,1.0,0.0,0.999255503008,290.398838932026,290.290717810746,168662.97116801885,168662.97116874598
2,close_threads,Threads proximas em hardware threads,omp-region,2,2048,2048,1000,2097152.0,0.1,0.1,perturb,1.0,static,0,1,close,threads,,0 1 2 3 4 5 6 7 8 9 10 11 12 13 14 15 32 33 34 35 36 37 38 39 40 41 42 43 44 45 46 47,6.064670358,1.1643452181510967,0.5821726090755484,1.157347342999644,yes,0.0,1.0,0.0,0.999255503008,290.398838932026,290.290717810746,168662.97116801885,168662.97116874598
3,close_threads,Threads proximas em hardware threads,omp-region,2,2048,2048,1000,2097152.0,0.1,0.1,perturb,1.0,static,0,1,close,threads,,0 1 2 3 4 5 6 7 8 9 10 11 12 13 14 15 32 33 34 35 36 37 38 39 40 41 42 43 44 45 46 47,6.056218409,1.1659701573024956,0.5829850786512478,1.1589625160429051,yes,0.0,1.0,0.0,0.999255503008,290.398838932026,290.290717810746,168662.97116801885,168662.97116874598
1,close_threads,Threads proximas em hardware threads,omp-region,4,2048,2048,1000,1048576.0,0.1,0.1,perturb,1.0,static,0,1,close,threads,,0 1 2 3 4 5 6 7 8 9 10 11 12 13 14 15 32 33 34 35 36 37 38 39 40 41 42 43 44 45 46 47,3.187868001,2.2150760096669386,0.5537690024167347,2.201763097718675,yes,0.0,1.0,0.0,0.999255503008,290.398838932026,290.290717810746,168662.97116801885,168662.97116874598
2,close_threads,Threads proximas em hardware threads,omp-region,4,2048,2048,1000,1048576.0,0.1,0.1,perturb,1.0,static,0,1,close,threads,,0 1 2 3 4 5 6 7 8 9 10 11 12 13 14 15 32 33 34 35 36 37 38 39 40 41 42 43 44 45 46 47,3.190674795,2.2131274368875316,0.5532818592218829,2.199826236130091,yes,0.0,1.0,0.0,0.999255503008,290.398838932026,290.290717810746,168662.97116801885,168662.97116874598
3,close_threads,Threads proximas em hardware threads,omp-region,4,2048,2048,1000,1048576.0,0.1,0.1,perturb,1.0,static,0,1,close,threads,,0 1 2 3 4 5 6 7 8 9 10 11 12 13 14 15 32 33 34 35 36 37 38 39 40 41 42 43 44 45 46 47,3.188345512,2.214744262948626,0.5536860657371565,2.201433344843838,yes,0.0,1.0,0.0,0.999255503008,290.398838932026,290.290717810746,168662.97116801885,168662.97116874598
1,close_threads,Threads proximas em hardware threads,omp-region,8,2048,2048,1000,524288.0,0.1,0.1,perturb,1.0,static,0,1,close,threads,,0 1 2 3 4 5 6 7 8 9 10 11 12 13 14 15 32 33 34 35 36 37 38 39 40 41 42 43 44 45 46 47,2.005471438,3.5210523556705975,0.4401315444588247,3.499890345982579,yes,0.0,1.0,0.0,0.999255503008,290.398838932026,290.290717810746,168662.97116801885,168662.97116874598
2,close_threads,Threads proximas em hardware threads,omp-region,8,2048,2048,1000,524288.0,0.1,0.1,perturb,1.0,static,0,1,close,threads,,0 1 2 3 4 5 6 7 8 9 10 11 12 13 14 15 32 33 34 35 36 37 38 39 40 41 42 43 44 45 46 47,2.019658289,3.4963191394601303,0.4370398924325163,3.475305779808576,yes,0.0,1.0,0.0,0.999255503008,290.398838932026,290.290717810746,168662.97116801885,168662.97116874598
3,close_threads,Threads proximas em hardware threads,omp-region,8,2048,2048,1000,524288.0,0.1,0.1,perturb,1.0,static,0,1,close,threads,,0 1 2 3 4 5 6 7 8 9 10 11 12 13 14 15 32 33 34 35 36 37 38 39 40 41 42 43 44 45 46 47,2.007649679,3.5172321171675884,0.43965401464594855,3.496093067639217,yes,0.0,1.0,0.0,0.999255503008,290.398838932026,290.290717810746,168662.97116801885,168662.97116874598
1,close_threads,Threads proximas em hardware threads,omp-region,16,2048,2048,1000,262144.0,0.1,0.1,perturb,1.0,static,0,1,close,threads,,0 1 2 3 4 5 6 7 8 9 10 11 12 13 14 15 32 33 34 35 36 37 38 39 40 41 42 43 44 45 46 47,1.803444012,3.915491628248008,0.2447182267655005,3.891958984197176,yes,0.0,1.0,0.0,0.999255503008,290.398838932026,290.290717810746,168662.97116801885,168662.97116874598
2,close_threads,Threads proximas em hardware threads,omp-region,16,2048,2048,1000,262144.0,0.1,0.1,perturb,1.0,static,0,1,close,threads,,0 1 2 3 4 5 6 7 8 9 10 11 12 13 14 15 32 33 34 35 36 37 38 39 40 41 42 43 44 45 46 47,1.803990983,3.9143044491592116,0.24464402807245073,3.8907789402182393,yes,0.0,1.0,0.0,0.999255503008,290.398838932026,290.290717810746,168662.97116801885,168662.97116874598
3,close_threads,Threads proximas em hardware threads,omp-region,16,2048,2048,1000,262144.0,0.1,0.1,perturb,1.0,static,0,1,close,threads,,0 1 2 3 4 5 6 7 8 9 10 11 12 13 14 15 32 33 34 35 36 37 38 39 40 41 42 43 44 45 46 47,1.797556297,3.928316427577233,0.24551977672357705,3.9047067047157964,yes,0.0,1.0,0.0,0.999255503008,290.398838932026,290.290717810746,168662.97116801885,168662.97116874598
1,close_threads,Threads proximas em hardware threads,omp-region,32,2048,2048,1000,131072.0,0.1,0.1,perturb,1.0,static,0,1,close,threads,,0 1 2 3 4 5 6 7 8 9 10 11 12 13 14 15 32 33 34 35 36 37 38 39 40 41 42 43 44 45 46 47,1.735853848,4.067951883815509,0.12712349636923465,4.043502932627079,yes,0.0,1.0,0.0,0.999255503008,290.398838932026,290.290717810746,168662.97116801885,168662.97116874598
2,close_threads,Threads proximas em hardware threads,omp-region,32,2048,2048,1000,131072.0,0.1,0.1,perturb,1.0,static,0,1,close,threads,,0 1 2 3 4 5 6 7 8 9 10 11 12 13 14 15 32 33 34 35 36 37 38 39 40 41 42 43 44 45 46 47,1.734961169,4.07004494231421,0.12718890444731906,4.0455834115558815,yes,0.0,1.0,0.0,0.999255503008,290.398838932026,290.290717810746,168662.97116801885,168662.97116874598
3,close_threads,Threads proximas em hardware threads,omp-region,32,2048,2048,1000,131072.0,0.1,0.1,perturb,1.0,static,0,1,close,threads,,0 1 2 3 4 5 6 7 8 9 10 11 12 13 14 15 32 33 34 35 36 37 38 39 40 41 42 43 44 45 46 47,1.736062067,4.067463983705601,0.12710824949080002,4.043017964864041,yes,0.0,1.0,0.0,0.999255503008,290.398838932026,290.290717810746,168662.97116801885,168662.97116874598
1,spread_threads,Threads espalhadas entre hardware threads,omp-region,1,2048,2048,1000,4194304.0,0.1,0.1,perturb,1.0,static,0,1,spread,threads,,0 1 2 3 4 5 6 7 8 9 10 11 12 13 14 15 32 33 34 35 36 37 38 39 40 41 42 43 44 45 46 47,7.071733875,1.0,1.0,0.9925331254069569,yes,0.0,1.0,0.0,0.999255503008,290.398838932026,290.290717810746,168662.97116801885,168662.97116874598
2,spread_threads,Threads espalhadas entre hardware threads,omp-region,1,2048,2048,1000,4194304.0,0.1,0.1,perturb,1.0,static,0,1,spread,threads,,0 1 2 3 4 5 6 7 8 9 10 11 12 13 14 15 32 33 34 35 36 37 38 39 40 41 42 43 44 45 46 47,7.113883047,0.994075082241087,0.994075082241087,0.9866524482659238,yes,0.0,1.0,0.0,0.999255503008,290.398838932026,290.290717810746,168662.97116801885,168662.97116874598
3,spread_threads,Threads espalhadas entre hardware threads,omp-region,1,2048,2048,1000,4194304.0,0.1,0.1,perturb,1.0,static,0,1,spread,threads,,0 1 2 3 4 5 6 7 8 9 10 11 12 13 14 15 32 33 34 35 36 37 38 39 40 41 42 43 44 45 46 47,7.139409271,0.9905208689639219,0.9905208689639219,0.9831247738535761,yes,0.0,1.0,0.0,0.999255503008,290.398838932026,290.290717810746,168662.97116801885,168662.97116874598
1,spread_threads,Threads espalhadas entre hardware threads,omp-region,2,2048,2048,1000,2097152.0,0.1,0.1,perturb,1.0,static,0,1,spread,threads,,0 1 2 3 4 5 6 7 8 9 10 11 12 13 14 15 32 33 34 35 36 37 38 39 40 41 42 43 44 45 46 47,3.740731093,1.8904683868437586,0.9452341934218793,1.8763524964770837,yes,0.0,1.0,0.0,0.999255503008,290.398838932026,290.290717810746,168662.97116801885,168662.97116874598
2,spread_threads,Threads espalhadas entre hardware threads,omp-region,2,2048,2048,1000,2097152.0,0.1,0.1,perturb,1.0,static,0,1,spread,threads,,0 1 2 3 4 5 6 7 8 9 10 11 12 13 14 15 32 33 34 35 36 37 38 39 40 41 42 43 44 45 46 47,3.75589781,1.8828344733372817,0.9414172366686409,1.868775584445414,yes,0.0,1.0,0.0,0.999255503008,290.398838932026,290.290717810746,168662.97116801885,168662.97116874598
3,spread_threads,Threads espalhadas entre hardware threads,omp-region,2,2048,2048,1000,2097152.0,0.1,0.1,perturb,1.0,static,0,1,spread,threads,,0 1 2 3 4 5 6 7 8 9 10 11 12 13 14 15 32 33 34 35 36 37 38 39 40 41 42 43 44 45 46 47,3.755165189,1.8832018084624398,0.9416009042312199,1.869140176725259,yes,0.0,1.0,0.0,0.999255503008,290.398838932026,290.290717810746,168662.97116801885,168662.97116874598
1,spread_threads,Threads espalhadas entre hardware threads,omp-region,4,2048,2048,1000,1048576.0,0.1,0.1,perturb,1.0,static,0,1,spread,threads,,0 1 2 3 4 5 6 7 8 9 10 11 12 13 14 15 32 33 34 35 36 37 38 39 40 41 42 43 44 45 46 47,2.175729904,3.250281141054721,0.8125702852636802,3.2260116993823327,yes,0.0,1.0,0.0,0.999255503008,290.398838932026,290.290717810746,168662.97116801885,168662.97116874598
2,spread_threads,Threads espalhadas entre hardware threads,omp-region,4,2048,2048,1000,1048576.0,0.1,0.1,perturb,1.0,static,0,1,spread,threads,,0 1 2 3 4 5 6 7 8 9 10 11 12 13 14 15 32 33 34 35 36 37 38 39 40 41 42 43 44 45 46 47,2.157934595,3.277084435916372,0.819271108979093,3.252614857402571,yes,0.0,1.0,0.0,0.999255503008,290.398838932026,290.290717810746,168662.97116801885,168662.97116874598
3,spread_threads,Threads espalhadas entre hardware threads,omp-region,4,2048,2048,1000,1048576.0,0.1,0.1,perturb,1.0,static,0,1,spread,threads,,0 1 2 3 4 5 6 7 8 9 10 11 12 13 14 15 32 33 34 35 36 37 38 39 40 41 42 43 44 45 46 47,2.175299849,3.2509237189764546,0.8127309297441137,3.226649479255308,yes,0.0,1.0,0.0,0.999255503008,290.398838932026,290.290717810746,168662.97116801885,168662.97116874598
1,spread_threads,Threads espalhadas entre hardware threads,omp-region,8,2048,2048,1000,524288.0,0.1,0.1,perturb,1.0,static,0,1,spread,threads,,0 1 2 3 4 5 6 7 8 9 10 11 12 13 14 15 32 33 34 35 36 37 38 39 40 41 42 43 44 45 46 47,1.852108879,3.818206345848418,0.47727579323105224,3.7896962778936065,yes,0.0,1.0,0.0,0.999255503008,290.398838932026,290.290717810746,168662.97116801885,168662.97116874598
2,spread_threads,Threads espalhadas entre hardware threads,omp-region,8,2048,2048,1000,524288.0,0.1,0.1,perturb,1.0,static,0,1,spread,threads,,0 1 2 3 4 5 6 7 8 9 10 11 12 13 14 15 32 33 34 35 36 37 38 39 40 41 42 43 44 45 46 47,1.856066901,3.8100641044727084,0.47625801305908855,3.7816148336131556,yes,0.0,1.0,0.0,0.999255503008,290.398838932026,290.290717810746,168662.97116801885,168662.97116874598
3,spread_threads,Threads espalhadas entre hardware threads,omp-region,8,2048,2048,1000,524288.0,0.1,0.1,perturb,1.0,static,0,1,spread,threads,,0 1 2 3 4 5 6 7 8 9 10 11 12 13 14 15 32 33 34 35 36 37 38 39 40 41 42 43 44 45 46 47,1.82101274,3.8834071391504925,0.48542589239381156,3.8544102250487273,yes,0.0,1.0,0.0,0.999255503008,290.398838932026,290.290717810746,168662.97116801885,168662.97116874598
1,spread_threads,Threads espalhadas entre hardware threads,omp-region,16,2048,2048,1000,262144.0,0.1,0.1,perturb,1.0,static,0,1,spread,threads,,0 1 2 3 4 5 6 7 8 9 10 11 12 13 14 15 32 33 34 35 36 37 38 39 40 41 42 43 44 45 46 47,1.717769264,4.116812439950608,0.257300777496913,4.086072717738417,yes,0.0,1.0,0.0,0.999255503008,290.398838932026,290.290717810746,168662.97116801885,168662.97116874598
2,spread_threads,Threads espalhadas entre hardware threads,omp-region,16,2048,2048,1000,262144.0,0.1,0.1,perturb,1.0,static,0,1,spread,threads,,0 1 2 3 4 5 6 7 8 9 10 11 12 13 14 15 32 33 34 35 36 37 38 39 40 41 42 43 44 45 46 47,1.717233492,4.118096873805906,0.25738105461286914,4.087347560887195,yes,0.0,1.0,0.0,0.999255503008,290.398838932026,290.290717810746,168662.97116801885,168662.97116874598
3,spread_threads,Threads espalhadas entre hardware threads,omp-region,16,2048,2048,1000,262144.0,0.1,0.1,perturb,1.0,static,0,1,spread,threads,,0 1 2 3 4 5 6 7 8 9 10 11 12 13 14 15 32 33 34 35 36 37 38 39 40 41 42 43 44 45 46 47,1.717578699,4.117269199435967,0.2573293249647479,4.08652606665798,yes,0.0,1.0,0.0,0.999255503008,290.398838932026,290.290717810746,168662.97116801885,168662.97116874598
1,spread_threads,Threads espalhadas entre hardware threads,omp-region,32,2048,2048,1000,131072.0,0.1,0.1,perturb,1.0,static,0,1,spread,threads,,0 1 2 3 4 5 6 7 8 9 10 11 12 13 14 15 32 33 34 35 36 37 38 39 40 41 42 43 44 45 46 47,1.731808854,4.083437879801947,0.12760743374381084,4.052947361244984,yes,0.0,1.0,0.0,0.999255503008,290.398838932026,290.290717810746,168662.97116801885,168662.97116874598
2,spread_threads,Threads espalhadas entre hardware threads,omp-region,32,2048,2048,1000,131072.0,0.1,0.1,perturb,1.0,static,0,1,spread,threads,,0 1 2 3 4 5 6 7 8 9 10 11 12 13 14 15 32 33 34 35 36 37 38 39 40 41 42 43 44 45 46 47,1.741086504,4.061678646496475,0.12692745770301483,4.031350601405845,yes,0.0,1.0,0.0,0.999255503008,290.398838932026,290.290717810746,168662.97116801885,168662.97116874598
3,spread_threads,Threads espalhadas entre hardware threads,omp-region,32,2048,2048,1000,131072.0,0.1,0.1,perturb,1.0,static,0,1,spread,threads,,0 1 2 3 4 5 6 7 8 9 10 11 12 13 14 15 32 33 34 35 36 37 38 39 40 41 42 43 44 45 46 47,1.728820131,4.090497182555077,0.12782803695484615,4.059953953069742,yes,0.0,1.0,0.0,0.999255503008,290.398838932026,290.290717810746,168662.97116801885,168662.97116874598
1,gomp_cpu_affinity,Afinidade explicita do GNU OpenMP por lista de CPUs,omp-region,1,2048,2048,1000,4194304.0,0.1,0.1,perturb,1.0,static,0,1,,,0,0 1 2 3 4 5 6 7 8 9 10 11 12 13 14 15 32 33 34 35 36 37 38 39 40 41 42 43 44 45 46 47,7.068518513,1.0,1.0,0.9929846136911433,yes,0.0,1.0,0.0,0.999255503008,290.398838932026,290.290717810746,168662.97116801885,168662.97116874598
2,gomp_cpu_affinity,Afinidade explicita do GNU OpenMP por lista de CPUs,omp-region,1,2048,2048,1000,4194304.0,0.1,0.1,perturb,1.0,static,0,1,,,0,0 1 2 3 4 5 6 7 8 9 10 11 12 13 14 15 32 33 34 35 36 37 38 39 40 41 42 43 44 45 46 47,7.165997495,0.9863970114323909,0.9863970114323909,0.979477055343291,yes,0.0,1.0,0.0,0.999255503008,290.398838932026,290.290717810746,168662.97116801885,168662.97116874598
3,gomp_cpu_affinity,Afinidade explicita do GNU OpenMP por lista de CPUs,omp-region,1,2048,2048,1000,4194304.0,0.1,0.1,perturb,1.0,static,0,1,,,0,0 1 2 3 4 5 6 7 8 9 10 11 12 13 14 15 32 33 34 35 36 37 38 39 40 41 42 43 44 45 46 47,7.074455458,0.9991607912389516,0.9991607912389516,0.9921512923037474,yes,0.0,1.0,0.0,0.999255503008,290.398838932026,290.290717810746,168662.97116801885,168662.97116874598
1,gomp_cpu_affinity,Afinidade explicita do GNU OpenMP por lista de CPUs,omp-region,2,2048,2048,1000,2097152.0,0.1,0.1,perturb,1.0,static,0,1,,,0 1,0 1 2 3 4 5 6 7 8 9 10 11 12 13 14 15 32 33 34 35 36 37 38 39 40 41 42 43 44 45 46 47,3.731055613,1.8945090200133663,0.9472545100066831,1.8812183073723592,yes,0.0,1.0,0.0,0.999255503008,290.398838932026,290.290717810746,168662.97116801885,168662.97116874598
2,gomp_cpu_affinity,Afinidade explicita do GNU OpenMP por lista de CPUs,omp-region,2,2048,2048,1000,2097152.0,0.1,0.1,perturb,1.0,static,0,1,,,0 1,0 1 2 3 4 5 6 7 8 9 10 11 12 13 14 15 32 33 34 35 36 37 38 39 40 41 42 43 44 45 46 47,3.722072316,1.8990814559445006,0.9495407279722503,1.885758665899064,yes,0.0,1.0,0.0,0.999255503008,290.398838932026,290.290717810746,168662.97116801885,168662.97116874598
3,gomp_cpu_affinity,Afinidade explicita do GNU OpenMP por lista de CPUs,omp-region,2,2048,2048,1000,2097152.0,0.1,0.1,perturb,1.0,static,0,1,,,0 1,0 1 2 3 4 5 6 7 8 9 10 11 12 13 14 15 32 33 34 35 36 37 38 39 40 41 42 43 44 45 46 47,3.727095628,1.8965219083453042,0.9482609541726521,1.8832170745150518,yes,0.0,1.0,0.0,0.999255503008,290.398838932026,290.290717810746,168662.97116801885,168662.97116874598
1,gomp_cpu_affinity,Afinidade explicita do GNU OpenMP por lista de CPUs,omp-region,4,2048,2048,1000,1048576.0,0.1,0.1,perturb,1.0,static,0,1,,,0 1 2 3,0 1 2 3 4 5 6 7 8 9 10 11 12 13 14 15 32 33 34 35 36 37 38 39 40 41 42 43 44 45 46 47,2.151888341,3.2847979973325208,0.8211994993331302,3.2617538704346742,yes,0.0,1.0,0.0,0.999255503008,290.398838932026,290.290717810746,168662.97116801885,168662.97116874598
2,gomp_cpu_affinity,Afinidade explicita do GNU OpenMP por lista de CPUs,omp-region,4,2048,2048,1000,1048576.0,0.1,0.1,perturb,1.0,static,0,1,,,0 1 2 3,0 1 2 3 4 5 6 7 8 9 10 11 12 13 14 15 32 33 34 35 36 37 38 39 40 41 42 43 44 45 46 47,2.178512654,3.2446534106751166,0.8111633526687791,3.2218909135608813,yes,0.0,1.0,0.0,0.999255503008,290.398838932026,290.290717810746,168662.97116801885,168662.97116874598
3,gomp_cpu_affinity,Afinidade explicita do GNU OpenMP por lista de CPUs,omp-region,4,2048,2048,1000,1048576.0,0.1,0.1,perturb,1.0,static,0,1,,,0 1 2 3,0 1 2 3 4 5 6 7 8 9 10 11 12 13 14 15 32 33 34 35 36 37 38 39 40 41 42 43 44 45 46 47,2.164478029,3.2656919674373834,0.8164229918593459,3.24278187672008,yes,0.0,1.0,0.0,0.999255503008,290.398838932026,290.290717810746,168662.97116801885,168662.97116874598
1,gomp_cpu_affinity,Afinidade explicita do GNU OpenMP por lista de CPUs,omp-region,8,2048,2048,1000,524288.0,0.1,0.1,perturb,1.0,static,0,1,,,0 1 2 3 4 5 6 7,0 1 2 3 4 5 6 7 8 9 10 11 12 13 14 15 32 33 34 35 36 37 38 39 40 41 42 43 44 45 46 47,1.850192437,3.8204234173939606,0.4775529271742451,3.7936216712575392,yes,0.0,1.0,0.0,0.999255503008,290.398838932026,290.290717810746,168662.97116801885,168662.97116874598
2,gomp_cpu_affinity,Afinidade explicita do GNU OpenMP por lista de CPUs,omp-region,8,2048,2048,1000,524288.0,0.1,0.1,perturb,1.0,static,0,1,,,0 1 2 3 4 5 6 7,0 1 2 3 4 5 6 7 8 9 10 11 12 13 14 15 32 33 34 35 36 37 38 39 40 41 42 43 44 45 46 47,1.849612371,3.821621559104505,0.4777026948880631,3.7948114075411317,yes,0.0,1.0,0.0,0.999255503008,290.398838932026,290.290717810746,168662.97116801885,168662.97116874598
3,gomp_cpu_affinity,Afinidade explicita do GNU OpenMP por lista de CPUs,omp-region,8,2048,2048,1000,524288.0,0.1,0.1,perturb,1.0,static,0,1,,,0 1 2 3 4 5 6 7,0 1 2 3 4 5 6 7 8 9 10 11 12 13 14 15 32 33 34 35 36 37 38 39 40 41 42 43 44 45 46 47,1.848763337,3.8233766169714993,0.4779220771214374,3.7965541529991946,yes,0.0,1.0,0.0,0.999255503008,290.398838932026,290.290717810746,168662.97116801885,168662.97116874598
1,gomp_cpu_affinity,Afinidade explicita do GNU OpenMP por lista de CPUs,omp-region,16,2048,2048,1000,262144.0,0.1,0.1,perturb,1.0,static,0,1,,,0 1 2 3 4 5 6 7 8 9 10 11 12 13 14 15,0 1 2 3 4 5 6 7 8 9 10 11 12 13 14 15 32 33 34 35 36 37 38 39 40 41 42 43 44 45 46 47,1.733557319,4.077464549644926,0.2548415343528079,4.0488595606684985,yes,0.0,1.0,0.0,0.999255503008,290.398838932026,290.290717810746,168662.97116801885,168662.97116874598
2,gomp_cpu_affinity,Afinidade explicita do GNU OpenMP por lista de CPUs,omp-region,16,2048,2048,1000,262144.0,0.1,0.1,perturb,1.0,static,0,1,,,0 1 2 3 4 5 6 7 8 9 10 11 12 13 14 15,0 1 2 3 4 5 6 7 8 9 10 11 12 13 14 15 32 33 34 35 36 37 38 39 40 41 42 43 44 45 46 47,1.73050786,4.084649758828602,0.25529060992678765,4.055994362834041,yes,0.0,1.0,0.0,0.999255503008,290.398838932026,290.290717810746,168662.97116801885,168662.97116874598
3,gomp_cpu_affinity,Afinidade explicita do GNU OpenMP por lista de CPUs,omp-region,16,2048,2048,1000,262144.0,0.1,0.1,perturb,1.0,static,0,1,,,0 1 2 3 4 5 6 7 8 9 10 11 12 13 14 15,0 1 2 3 4 5 6 7 8 9 10 11 12 13 14 15 32 33 34 35 36 37 38 39 40 41 42 43 44 45 46 47,1.731840319,4.081507073978684,0.25509419212366774,4.052873725132391,yes,0.0,1.0,0.0,0.999255503008,290.398838932026,290.290717810746,168662.97116801885,168662.97116874598
1,gomp_cpu_affinity,Afinidade explicita do GNU OpenMP por lista de CPUs,omp-region,32,2048,2048,1000,131072.0,0.1,0.1,perturb,1.0,static,0,1,,,0 1 2 3 4 5 6 7 8 9 10 11 12 13 14 15 32 33 34 35 36 37 38 39 40 41 42 43 44 45 46 47,0 1 2 3 4 5 6 7 8 9 10 11 12 13 14 15 32 33 34 35 36 37 38 39 40 41 42 43 44 45 46 47,1.736357779,4.070888268816861,0.12721525840052691,4.042329414990918,yes,0.0,1.0,0.0,0.999255503008,290.398838932026,290.290717810746,168662.97116801885,168662.97116874598
2,gomp_cpu_affinity,Afinidade explicita do GNU OpenMP por lista de CPUs,omp-region,32,2048,2048,1000,131072.0,0.1,0.1,perturb,1.0,static,0,1,,,0 1 2 3 4 5 6 7 8 9 10 11 12 13 14 15 32 33 34 35 36 37 38 39 40 41 42 43 44 45 46 47,0 1 2 3 4 5 6 7 8 9 10 11 12 13 14 15 32 33 34 35 36 37 38 39 40 41 42 43 44 45 46 47,1.736251833,4.071136674215393,0.12722302106923103,4.042576077729618,yes,0.0,1.0,0.0,0.999255503008,290.398838932026,290.290717810746,168662.97116801885,168662.97116874598
3,gomp_cpu_affinity,Afinidade explicita do GNU OpenMP por lista de CPUs,omp-region,32,2048,2048,1000,131072.0,0.1,0.1,perturb,1.0,static,0,1,,,0 1 2 3 4 5 6 7 8 9 10 11 12 13 14 15 32 33 34 35 36 37 38 39 40 41 42 43 44 45 46 47,0 1 2 3 4 5 6 7 8 9 10 11 12 13 14 15 32 33 34 35 36 37 38 39 40 41 42 43 44 45 46 47,1.736243279,4.071156731602242,0.12722364786257007,4.04259599440615,yes,0.0,1.0,0.0,0.999255503008,290.398838932026,290.290717810746,168662.97116801885,168662.97116874598
